﻿<krpano>

	<!-- Flat Light Design -->

	<!-- modify the <skin_settings> values -->
	<skin_settings layout_width="100%" 
		layout_maxwidth="100%" 
		controlbar_width="100%" 
		controlbar_height="60" 
		controlbar_offset.normal="7.5" 
		controlbar_offset.mobile="20" 
		controlbar_offset_closed="-60" 
		controlbar_overlap.no-fractionalscaling="10" 
		controlbar_overlap.fractionalscaling="0" 
		design_skin_images="vtourskin_light.png"
		fb_image="icons/fb.png"
		twitter_image="icons/twitter.png"
		linkedin_image="icons/linkedin.png"
		email_image="icons/email.png"
		design_bgcolor="0xd2d2d2" 
		design_bgalpha="0.8" 
		design_bgborder="0" 
		design_bgroundedge="1" 
		design_bgshadow="0 4 10 0x000000 0.3" 
		design_thumbborder_bgborder="2 0xFFFFFF 0.8" 
		design_thumbborder_padding="2" 
		design_thumbborder_bgroundedge="0" 
		design_text_css="color:#FFFFFF; font-family:Arial; font-weight:lighter;" 
		design_text_shadow="1" />

	<!-- adjust the design of some skin elements  -->
	<layer name="skin_layer">
		<layer name="skin_loadingtext" 
			width="100%" 
			css="calc:skin_settings.design_text_css + ' text-align:center; font-size:20px;'" 
			padding="4 6" 
			textshadow="calc:2.0" 
			textshadowrange="1.0" 
			textshadowangle="90" 
			textshadowcolor="0x2D3E50" 
			textshadowalpha="1.0" />
	</layer>

	<!-- webvr button style (adjust to match skin style) -->
	<style name="webvr_button_style" 
		border="false" 
		roundedge="calc:1.0" 
		backgroundcolor="get:skin_settings.design_bgcolor" 
		backgroundalpha="get:skin_settings.design_bgalpha" 
		shadow="0.01" 
		shadowrange="10.0" 
		shadowangle="90.0" 
		shadowcolor="0x30261B" 
		shadowalpha="0.50" 
		css="calc:skin_settings.design_text_css + ' font-size:' + 20*webvr_setup_scale*webvr_button_scale + 'px;'" />

<!-- other rooms -->
<style name="subir" 
		url="pin.png" 
		scale="0.35" 
		edge="center" 
		distorted="false" 
		tooltip="Subir al departamento"
		linkedscene="scene_360_sala_comedor_-_floresta_vii0000" 
		linkedscene_lookat="" 
		onover="tween(scale,0.55);" 
		onout="tween(scale,0.5);"
		onloaded=" loadstyle(skin_tooltips);"
		onclick="skin_hotspotstyle_click();" 
  />
		<style name="hotspot_closet" 
		url="info.png" 
		scale="0.35" 
		edge="center" 
		distorted="false" 
		tooltip="WCL (Walk in closet)"
		linkedscene="" 
		linkedscene_lookat="" 
		onover="tween(scale,0.55);" 
		onout="tween(scale,0.5);"
		onloaded=" loadstyle(skin_tooltips);"  />
			<style name="hotspot_dormitorio_terciario" 
		url="info.png" 
		scale="0.35" 
		edge="center" 
		distorted="false" 
		tooltip="Dormitorio 3"
		linkedscene="" 
		linkedscene_lookat="" 
		onover="tween(scale,0.55);" 
		onout="tween(scale,0.5);"
		onloaded=" loadstyle(skin_tooltips);"  />
		<style name="mirar_terraza" 
		url="info.png" 
		scale="0.35" 
		edge="center" 
		distorted="false" 
		tooltip="Mirar la terraza"
		linkedscene="" 
		linkedscene_lookat="" 
		onover="tween(scale,0.55);" 
		onout="tween(scale,0.5);"
		onloaded=" loadstyle(skin_tooltips);"  />
			<style name="hotspot_lavadora" 
		url="info.png" 
		scale="0.35" 
		edge="center" 
		distorted="false" 
		tooltip="Lavandería"
		linkedscene="" 
		linkedscene_lookat="" 
		onover="tween(scale,0.55);" 
		onout="tween(scale,0.5);"
		onloaded=" loadstyle(skin_tooltips);"  />

		<style name="departamento_101" 
		url="info.png" 
		scale="0.35" 
		edge="center" 
		distorted="false" 
		tooltip="Departamento 101"
		linkedscene="" 
		linkedscene_lookat="" 
		onover="tween(scale,0.55);" 
		onout="tween(scale,0.5);"
		onloaded=" loadstyle(skin_tooltips);"  />
		<style name="hotspot_bano_principal" 
		url="info.png" 
		scale="0.35" 
		edge="center" 
		distorted="false" 
		tooltip="Baño Principal"
		linkedscene="" 
		linkedscene_lookat="" 
		onover="tween(scale,0.55);" 
		onout="tween(scale,0.5);"
		onloaded=" loadstyle(skin_tooltips);"  />
			<style name="escalera" 
		url="info.png" 
		scale="0.35" 
		edge="center" 
		distorted="false" 
		tooltip="Puerta a la escalera"
		linkedscene="" 
		linkedscene_lookat="" 
		onover="tween(scale,0.55);" 
		onout="tween(scale,0.5);"
		onloaded=" loadstyle(skin_tooltips);"  />
</krpano>

