﻿<krpano version="1.20" title="Virtual Tour">

	<include url="skin/vtourskin.xml" />

	<!-- customize skin settings: maps, gyro, webvr, thumbnails, tooltips, layout, design, ... -->
	<skin_settings maps="false"
	               maps_type="google"
	               maps_bing_api_key=""
	               maps_google_api_key=""
	               maps_zoombuttons="false"
	               maps_loadonfirstuse="true"
	               gyro="true"
	               gyro_keeplookingdirection="false"
	               webvr="true"
	               webvr_keeplookingdirection="true"
	               webvr_prev_next_hotspots="true"
	               littleplanetintro="false"
	               followmousecontrol="false"
	               title="true"
	               thumbs="true"
	               thumbs_width="100" 
				   thumbs_height="60" 
				   thumbs_padding="10" 
				   thumbs_crop="0|40|240|160"
	               thumbs_opened="false"
	               thumbs_text="false"
	               thumbs_dragging="true"
	               thumbs_onhoverscrolling="false"
	               thumbs_scrollbuttons="false"
	               thumbs_scrollindicator="false"
	               thumbs_loop="false"
	               tooltips_buttons="false"
	               tooltips_thumbs="false"
	               tooltips_hotspots="true"
	               tooltips_mapspots="false"
	               deeplinking="false"
	               loadscene_flags="MERGE"
	               loadscene_blend="OPENBLEND(0.5, 0.0, 0.75, 0.05, linear)"
	               loadscene_blend_prev="SLIDEBLEND(0.5, 180, 0.75, linear)"
	               loadscene_blend_next="SLIDEBLEND(0.5,   0, 0.75, linear)"
	               loadingtext="loading..."
	               layout_width="100%"
	               layout_maxwidth="814"
	               controlbar_width="-24"
	               controlbar_height="40"
	               controlbar_offset="20"
	               controlbar_offset_closed="-40"
	               controlbar_overlap.no-fractionalscaling="10"
	               controlbar_overlap.fractionalscaling="0"
	               design_skin_images="vtourskin.png"
	               design_bgcolor="0x2D3E50"
	               design_bgalpha="0.8"
	               design_bgborder="0"
	               design_bgroundedge="1"
	               design_bgshadow="0 4 10 0x000000 0.3"
	               design_thumbborder_bgborder="3 0xFFFFFF 1.0"
	               design_thumbborder_padding="2"
	               design_thumbborder_bgroundedge="0"
	               design_text_css="color:#FFFFFF; font-family:Arial;"
	               design_text_shadow="1"
	               />

<plugin name="logo" 
		url="skin/logo.png" 
		onclick="openurl('https://inmobiliariabritania.com/monte-umbroso-816/',_blank);" 
		keep="true" 
		enabled="true" 
		align="leftbottom" 
		x="10" 
		y="70" 
		scale="0.5" 
		scale.mobile="0.25" />
	<!--
	    For an alternative skin design either change the <skin_settings> values 
	    from above or optionally include one of the predefined designs from below.
	-->
	<!-- <include url="skin/vtourskin_design_flat_light.xml"  /> -->
	<!-- <include url="skin/vtourskin_design_glass.xml"       /> -->
	<!-- <include url="skin/vtourskin_design_ultra_light.xml" /> -->
	<!-- <include url="skin/vtourskin_design_117.xml"         /> -->
	<!-- <include url="skin/vtourskin_design_117round.xml"    /> -->
	<!-- <include url="skin/vtourskin_design_black.xml"       /> -->
		<include url="skin/vtourskin_britania.xml" />


	<autorotate enabled="true" 
			waittime="1.5" 
			speed="5.0" />


	<!-- startup action - load the first scene -->
	<action name="startup" autorun="onstart">
		if(startscene === null OR !scene[get(startscene)], copy(startscene,scene[0].name); );
		loadscene(get(startscene), null, MERGE);
		if(startactions !== null, startactions() );
	</action>


	
	<scene name="scene_01_SALA_COMEDOR" title="Comedor" onstart="" thumburl="panos/01_SALA_COMEDOR.tiles/thumb.jpg" lat="" lng="" heading="">

		<view hlookat="0.0" vlookat="0.0" fovtype="MFOV" fov="120" maxpixelzoom="2.0" fovmin="70" fovmax="140" limitview="auto" />

		<preview url="panos/01_SALA_COMEDOR.tiles/preview.jpg" />

		<image>
			<cube url="panos/01_SALA_COMEDOR.tiles/%s/l%l/%v/l%l_%s_%v_%h.jpg" multires="512,640,1280,2560" />
		</image>
		<hotspot name="spot1" style="skin_hotspotstyle" ath="-179.935" atv="0.000" linkedscene="scene_02_cocina" />
		<hotspot name="spot2" style="skin_hotspotstyle" ath="122.797" atv="0.000" linkedscene="scene_09_pasadizo" />
		<hotspot name="spot3" style="skin_hotspotstyle" ath="148.891" atv="0.000" linkedscene="scene_08_sshh_visita" />
	</scene>

	<scene name="scene_02_COCINA" title="Cocina" onstart="" thumburl="panos/02_COCINA.tiles/thumb.jpg" lat="" lng="" heading="">

		<view hlookat="0.0" vlookat="0.0" fovtype="MFOV" fov="120" maxpixelzoom="2.0" fovmin="70" fovmax="140" limitview="auto" />

		<preview url="panos/02_COCINA.tiles/preview.jpg" />

		<image>
			<cube url="panos/02_COCINA.tiles/%s/l%l/%v/l%l_%s_%v_%h.jpg" multires="512,640,1280,2560" />
		</image>
	<hotspot name="spot1" style="skin_hotspotstyle" ath="-4.589" atv="0" linkedscene="scene_01_sala_comedor" />
		<hotspot name="spot2" style="skin_hotspotstyle" ath="140.871" atv="0" linkedscene="scene_09_pasadizo" />

	</scene>

	<scene name="scene_03_ESTAR" title="Estar" onstart="" thumburl="panos/03_ESTAR.tiles/thumb.jpg" lat="" lng="" heading="">

		<view hlookat="0.0" vlookat="0.0" fovtype="MFOV" fov="120" maxpixelzoom="2.0" fovmin="70" fovmax="140" limitview="auto" />

		<preview url="panos/03_ESTAR.tiles/preview.jpg" />

		<image>
			<cube url="panos/03_ESTAR.tiles/%s/l%l/%v/l%l_%s_%v_%h.jpg" multires="512,640,1280,2560" />
		</image>
	<hotspot name="spot1" style="skin_hotspotstyle" ath="-175.686" atv="0" linkedscene="scene_04_dorm_principal" />
		<hotspot name="spot2" style="skin_hotspotstyle" ath="-157.298" atv="0" linkedscene="scene_05_dorm_secundario" />
		<hotspot name="spot3" style="skin_hotspotstyle" ath="4.245" atv="0" linkedscene="scene_09_pasadizo" />
	</scene>

	<scene name="scene_04_DORM_PRINCIPAL" title="Dormitorio Principal" onstart="" thumburl="panos/04_DORM_PRINCIPAL.tiles/thumb.jpg" lat="" lng="" heading="">

		<view hlookat="0.0" vlookat="0.0" fovtype="MFOV" fov="120" maxpixelzoom="2.0" fovmin="70" fovmax="140" limitview="auto" />

		<preview url="panos/04_DORM_PRINCIPAL.tiles/preview.jpg" />

		<image>
			<cube url="panos/04_DORM_PRINCIPAL.tiles/%s/l%l/%v/l%l_%s_%v_%h.jpg" multires="512,640,1280,2560" />
		</image>
	<hotspot name="spot1" style="skin_hotspotstyle" ath="-7.786" atv="0" linkedscene="scene_06_sshh_principal" />
		<hotspot name="spot2" style="skin_hotspotstyle" ath="112.965" atv="0" linkedscene="scene_03_estar" />

	</scene>

	<scene name="scene_05_DORM_SECUNDARIO" title="Dormitorio Secundario" onstart="" thumburl="panos/05_DORM_SECUNDARIO.tiles/thumb.jpg" lat="" lng="" heading="">

		<view hlookat="0.0" vlookat="0.0" fovtype="MFOV" fov="120" maxpixelzoom="2.0" fovmin="70" fovmax="140" limitview="auto" />

		<preview url="panos/05_DORM_SECUNDARIO.tiles/preview.jpg" />

		<image>
			<cube url="panos/05_DORM_SECUNDARIO.tiles/%s/l%l/%v/l%l_%s_%v_%h.jpg" multires="512,640,1280,2560" />
		</image>
<hotspot name="spot1" style="skin_hotspotstyle" ath="110.280" atv="0" linkedscene="scene_07_sshh_secundario" />
		<hotspot name="spot2" style="skin_hotspotstyle" ath="133.700" atv="0" linkedscene="scene_03_estar" />
	</scene>

	<scene name="scene_06_SSHH_PRINCIPAL" title="Baño Principal" onstart="" thumburl="panos/06_SSHH_PRINCIPAL.tiles/thumb.jpg" lat="" lng="" heading="">

		<view hlookat="0.0" vlookat="0.0" fovtype="MFOV" fov="120" maxpixelzoom="2.0" fovmin="70" fovmax="140" limitview="auto" />

		<preview url="panos/06_SSHH_PRINCIPAL.tiles/preview.jpg" />

		<image>
			<cube url="panos/06_SSHH_PRINCIPAL.tiles/%s/l%l/%v/l%l_%s_%v_%h.jpg" multires="512,640,1280,2560" />
		</image>
	<hotspot name="spot1" style="skin_hotspotstyle" ath="179.639" atv="15" linkedscene="scene_04_dorm_principal" />
		<hotspot name="spot2" style="skin_hotspotstyle" ath="162.696" atv="0" linkedscene="scene_03_estar" />
	</scene>

	<scene name="scene_07_SSHH_SECUNDARIO" title="Baño Secundario" onstart="" thumburl="panos/07_SSHH_SECUNDARIO.tiles/thumb.jpg" lat="" lng="" heading="">

		<view hlookat="0.0" vlookat="0.0" fovtype="MFOV" fov="120" maxpixelzoom="2.0" fovmin="70" fovmax="140" limitview="auto" />

		<preview url="panos/07_SSHH_SECUNDARIO.tiles/preview.jpg" />

		<image>
			<cube url="panos/07_SSHH_SECUNDARIO.tiles/%s/l%l/%v/l%l_%s_%v_%h.jpg" multires="512,640,1280,2560" />
		</image>
<hotspot name="spot1" style="skin_hotspotstyle" ath="42.313" atv="0" linkedscene="scene_05_dorm_secundario" />
		<hotspot name="spot2" style="skin_hotspotstyle" ath="83.415" atv="0" linkedscene="scene_03_estar" />

	</scene>

	<scene name="scene_08_SSHH_VISITA" title="Baño de visita" onstart="" thumburl="panos/08_SSHH_VISITA.tiles/thumb.jpg" lat="" lng="" heading="">

		<view hlookat="0.0" vlookat="0.0" fovtype="MFOV" fov="120" maxpixelzoom="2.0" fovmin="70" fovmax="140" limitview="auto" />

		<preview url="panos/08_SSHH_VISITA.tiles/preview.jpg" />

		<image>
			<cube url="panos/08_SSHH_VISITA.tiles/%s/l%l/%v/l%l_%s_%v_%h.jpg" multires="512,640,1280,2560" />
		</image>
		<hotspot name="spot1" style="skin_hotspotstyle" ath="176.088" atv="0.000" linkedscene="scene_01_sala_comedor" />

	</scene>

	<scene name="scene_09_PASADIZO" title="Pasadizo" onstart="" thumburl="panos/09_PASADIZO.tiles/thumb.jpg" lat="" lng="" heading="">

		<view hlookat="0.0" vlookat="0.0" fovtype="MFOV" fov="120" maxpixelzoom="2.0" fovmin="70" fovmax="140" limitview="auto" />

		<preview url="panos/09_PASADIZO.tiles/preview.jpg" />

		<image>
			<cube url="panos/09_PASADIZO.tiles/%s/l%l/%v/l%l_%s_%v_%h.jpg" multires="512,640,1280,2560" />
		</image>
	<hotspot name="spot1" style="skin_hotspotstyle" ath="127.305" atv="0.000" linkedscene="scene_02_cocina" />
		<hotspot name="spot2" style="skin_hotspotstyle" ath="-139.081" atv="0.000" linkedscene="scene_01_sala_comedor" />
		<hotspot name="spot3" style="skin_hotspotstyle" ath="0.165" atv="0.000" linkedscene="scene_03_estar" />
		

	</scene>


</krpano>
